Datetime,Water Level (m)
2025-10-17 18:00:00,-0.2549648
2025-10-17 19:00:00,-0.40327102
2025-10-17 20:00:00,-0.37204403
2025-10-17 21:00:00,-0.1413533
2025-10-17 22:00:00,0.18493299
2025-10-17 23:00:00,0.5248413
2025-10-18 00:00:00,0.7592211
2025-10-18 01:00:00,0.876603
2025-10-18 02:00:00,0.839057
2025-10-18 03:00:00,0.6229569
2025-10-18 04:00:00,0.2796805
2025-10-18 05:00:00,-0.07149845
2025-10-18 06:00:00,-0.3450049
2025-10-18 07:00:00,-0.5364873
2025-10-18 08:00:00,-0.5448551
2025-10-18 09:00:00,-0.32598048
2025-10-18 10:00:00,0.013521385
2025-10-18 11:00:00,0.3813462
2025-10-18 12:00:00,0.69752437
2025-10-18 13:00:00,0.9236578
2025-10-18 14:00:00,0.97429144
2025-10-18 15:00:00,0.8364059
2025-10-18 16:00:00,0.53539515
2025-10-18 17:00:00,0.16041656
2025-10-18 18:00:00,-0.17834148
2025-10-18 19:00:00,-0.4302292
2025-10-18 20:00:00,-0.51640695
2025-10-18 21:00:00,-0.3734155
2025-10-18 22:00:00,-0.058771484
2025-10-18 23:00:00,0.33047095
2025-10-19 00:00:00,0.66676134
2025-10-19 01:00:00,0.88779944
2025-10-19 02:00:00,0.9741692
2025-10-19 03:00:00,0.8441889
2025-10-19 04:00:00,0.53881186
2025-10-19 05:00:00,0.14888135
2025-10-19 06:00:00,-0.21910954
2025-10-19 07:00:00,-0.4849168
2025-10-19 08:00:00,-0.6262986
2025-10-19 09:00:00,-0.509077
2025-10-19 10:00:00,-0.18640077
2025-10-19 11:00:00,0.2135645
2025-10-19 12:00:00,0.6197311
2025-10-19 13:00:00,0.9287157
2025-10-19 14:00:00,1.0970577
2025-10-19 15:00:00,1.0484728
2025-10-19 16:00:00,0.80705583
2025-10-19 17:00:00,0.42059425
2025-10-19 18:00:00,-0.01197541
2025-10-19 19:00:00,-0.3593064
2025-10-19 20:00:00,-0.5700018
2025-10-19 21:00:00,-0.5587693
2025-10-19 22:00:00,-0.30239525
2025-10-19 23:00:00,0.090934314
2025-10-20 00:00:00,0.49119443
2025-10-20 01:00:00,0.7939843
2025-10-20 02:00:00,0.99239063
2025-10-20 03:00:00,0.963199
2025-10-20 04:00:00,0.7346122
2025-10-20 05:00:00,0.36350617
2025-10-20 06:00:00,-0.052895162
2025-10-20 07:00:00,-0.3967572
2025-10-20 08:00:00,-0.62719834
2025-10-20 09:00:00,-0.6420678
2025-10-20 10:00:00,-0.3914004
2025-10-20 11:00:00,-0.0063027022
2025-10-20 12:00:00,0.46117127
2025-10-20 13:00:00,0.85937154
2025-10-20 14:00:00,1.1263701
2025-10-20 15:00:00,1.1851289
2025-10-20 16:00:00,1.0093789
2025-10-20 17:00:00,0.6565907
2025-10-20 18:00:00,0.2002728
2025-10-20 19:00:00,-0.2155753
2025-10-20 20:00:00,-0.5311196
2025-10-20 21:00:00,-0.663041
2025-10-20 22:00:00,-0.50997025
2025-10-20 23:00:00,-0.1635357
2025-10-21 00:00:00,0.26318195
2025-10-21 01:00:00,0.6510777
2025-10-21 02:00:00,0.92737216
2025-10-21 03:00:00,1.0149221
2025-10-21 04:00:00,0.8605983
2025-10-21 05:00:00,0.5577196
2025-10-21 06:00:00,0.14787644
2025-10-21 07:00:00,-0.25799885
2025-10-21 08:00:00,-0.57699686
2025-10-21 09:00:00,-0.71136653
2025-10-21 10:00:00,-0.562048
2025-10-21 11:00:00,-0.2069511
2025-10-21 12:00:00,0.26206145
2025-10-21 13:00:00,0.7392693
2025-10-21 14:00:00,1.0777826
2025-10-21 15:00:00,1.2555109
2025-10-21 16:00:00,1.1786789
2025-10-21 17:00:00,0.89383215
2025-10-21 18:00:00,0.46556512
2025-10-21 19:00:00,0.0141553795
2025-10-21 20:00:00,-0.37241936
2025-10-21 21:00:00,-0.6315106
2025-10-21 22:00:00,-0.62610507
2025-10-21 23:00:00,-0.3388458
2025-10-22 00:00:00,0.058145735
2025-10-22 01:00:00,0.50027597
2025-10-22 02:00:00,0.85633343
2025-10-22 03:00:00,1.0486388
2025-10-22 04:00:00,0.99858993
2025-10-22 05:00:00,0.74549603
2025-10-22 06:00:00,0.3624228
2025-10-22 07:00:00,-0.05879216
2025-10-22 08:00:00,-0.4208519
2025-10-22 09:00:00,-0.6541756
2025-10-22 10:00:00,-0.64081395
2025-10-22 11:00:00,-0.35380724
2025-10-22 12:00:00,0.07860831
2025-10-22 13:00:00,0.58794343
2025-10-22 14:00:00,1.009733
2025-10-22 15:00:00,1.2919095
2025-10-22 16:00:00,1.321032
2025-10-22 17:00:00,1.1073465
2025-10-22 18:00:00,0.73019403
2025-10-22 19:00:00,0.28255287
2025-10-22 20:00:00,-0.13540055
2025-10-22 21:00:00,-0.46694365
2025-10-22 22:00:00,-0.5974154
2025-10-22 23:00:00,-0.41776413
2025-10-23 00:00:00,-0.07939454
2025-10-23 01:00:00,0.33726612
2025-10-23 02:00:00,0.7350768
2025-10-23 03:00:00,1.0014545
2025-10-23 04:00:00,1.0549991
2025-10-23 05:00:00,0.8672456
2025-10-23 06:00:00,0.54646957
2025-10-23 07:00:00,0.1626772
2025-10-23 08:00:00,-0.22333194
2025-10-23 09:00:00,-0.5301997
2025-10-23 10:00:00,-0.6540572
2025-10-23 11:00:00,-0.4894471
2025-10-23 12:00:00,-0.12014723
2025-10-23 13:00:00,0.35237315
2025-10-23 14:00:00,0.82461584
2025-10-23 15:00:00,1.168657
2025-10-23 16:00:00,1.317874
2025-10-23 17:00:00,1.1990409
2025-10-23 18:00:00,0.9021084
